[{"uid":"1","name":"Afghanistan","code":"AF"},{"uid":"2","name":"Albania","code":"AL"},{"uid":"3","name":"Algeria","code":"DZ"},{"uid":"4","name":"American Samoa","code":"AS"},{"uid":"5","name":"Andorra","code":"AD"},{"uid":"6","name":"Angola","code":"AO"},{"uid":"7","name":"Anguilla","code":"AI"},{"uid":"8","name":"Antarctica","code":"AQ"},{"uid":"9","name":"Antigua and Barbuda","code":"AG"},{"uid":"10","name":"Argentina","code":"AR"},{"uid":"11","name":"Armenia","code":"AM"},{"uid":"12","name":"Aruba","code":"AW"},{"uid":"14","name":"Australia","code":"AU"},{"uid":"15","name":"Austria","code":"AT"},{"uid":"16","name":"Azerbaijan","code":"AZ"},{"uid":"17","name":"The Bahamas","code":"BS"},{"uid":"18","name":"Bahrain","code":"BH"},{"uid":"20","name":"Bangladesh","code":"BD"},{"uid":"21","name":"Barbados","code":"BB"},{"uid":"23","name":"Belarus","code":"BY"},{"uid":"24","name":"Belgium","code":"BE"},{"uid":"25","name":"Belize","code":"BZ"},{"uid":"26","name":"Benin","code":"BJ"},{"uid":"27","name":"Bermuda","code":"BM"},{"uid":"28","name":"Bhutan","code":"BT"},{"uid":"29","name":"Bolivia","code":"BO"},{"uid":"30","name":"Bosnia and Herzegovina","code":"BA"},{"uid":"31","name":"Botswana","code":"BW"},{"uid":"32","name":"Bouvet Island","code":"BV"},{"uid":"33","name":"Brazil","code":"BR"},{"uid":"34","name":"British Indian Ocean Territory","code":"IO"},{"uid":"35","name":"British Virgin Islands","code":"VG"},{"uid":"36","name":"Brunei Darussalam","code":"BN"},{"uid":"37","name":"Bulgaria","code":"BG"},{"uid":"38","name":"Burkina Faso","code":"BF"},{"uid":"39","name":"Burma","code":"MM"},{"uid":"40","name":"Burundi","code":"BI"},{"uid":"41","name":"Cambodia","code":"KH"},{"uid":"42","name":"Cameroon","code":"CM"},{"uid":"43","name":"Canada","code":"CA"},{"uid":"44","name":"Cape Verde","code":"CV"},{"uid":"45","name":"Cayman Islands","code":"KY"},{"uid":"46","name":"Central African Republic","code":"CF"},{"uid":"47","name":"Chad","code":"TD"},{"uid":"48","name":"Chile","code":"CL"},{"uid":"49","name":"China","code":"CN"},{"uid":"50","name":"Christmas Island","code":"CX"},{"uid":"52","name":"Cocos (Keeling) Islands","code":"CC"},{"uid":"53","name":"Colombia","code":"CO"},{"uid":"54","name":"Comoros","code":"KM"},{"uid":"55","name":"Congo, Democratic Republic of the","code":"CD"},{"uid":"56","name":"Congo, Republic of the","code":"CG"},{"uid":"57","name":"Cook Islands","code":"CK"},{"uid":"59","name":"Costa Rica","code":"CR"},{"uid":"60","name":"Cote d'Ivoire","code":"CI"},{"uid":"61","name":"Croatia","code":"HR"},{"uid":"62","name":"Cuba","code":"CU"},{"uid":"63","name":"Cyprus","code":"CY"},{"uid":"64","name":"Czech Republic","code":"CZ"},{"uid":"65","name":"Denmark","code":"DK"},{"uid":"66","name":"Djibouti","code":"DJ"},{"uid":"67","name":"Dominica","code":"DM"},{"uid":"68","name":"Dominican Republic","code":"DO"},{"uid":"69","name":"East Timor","code":"TL"},{"uid":"70","name":"Ecuador","code":"EC"},{"uid":"71","name":"Egypt","code":"EG"},{"uid":"72","name":"El Salvador","code":"SV"},{"uid":"73","name":"Equatorial Guinea","code":"GQ"},{"uid":"74","name":"Eritrea","code":"ER"},{"uid":"75","name":"Estonia","code":"EE"},{"uid":"76","name":"Ethiopia","code":"ET"},{"uid":"78","name":"Falkland Islands (Islas Malvinas)","code":"FK"},{"uid":"79","name":"Faroe Islands","code":"FO"},{"uid":"80","name":"Fiji","code":"FJ"},{"uid":"81","name":"Finland","code":"FI"},{"uid":"82","name":"France","code":"FR"},{"uid":"84","name":"French Guiana","code":"GF"},{"uid":"85","name":"French Polynesia","code":"PF"},{"uid":"86","name":"French Southern and Antarctic Lands","code":"TF"},{"uid":"87","name":"Gabon","code":"GA"},{"uid":"88","name":"The Gambia","code":"GM"},{"uid":"90","name":"Georgia","code":"GE"},{"uid":"91","name":"Germany","code":"DE"},{"uid":"92","name":"Ghana","code":"GH"},{"uid":"93","name":"Gibraltar","code":"GI"},{"uid":"95","name":"Greece","code":"GR"},{"uid":"96","name":"Greenland","code":"GL"},{"uid":"97","name":"Grenada","code":"GD"},{"uid":"98","name":"Guadeloupe","code":"GP"},{"uid":"99","name":"Guam","code":"GU"},{"uid":"100","name":"Guatemala","code":"GT"},{"uid":"102","name":"Guinea","code":"GN"},{"uid":"103","name":"Guinea-Bissau","code":"GW"},{"uid":"104","name":"Guyana","code":"GY"},{"uid":"105","name":"Haiti","code":"HT"},{"uid":"106","name":"Heard Island and McDonald Islands","code":"HM"},{"uid":"107","name":"Holy See (Vatican City)","code":"VA"},{"uid":"108","name":"Honduras","code":"HN"},{"uid":"109","name":"Hong Kong (SAR)","code":"HK"},{"uid":"111","name":"Hungary","code":"HU"},{"uid":"112","name":"Iceland","code":"IS"},{"uid":"113","name":"India","code":"IN"},{"uid":"114","name":"Indonesia","code":"ID"},{"uid":"115","name":"Iran","code":"IR"},{"uid":"116","name":"Iraq","code":"IQ"},{"uid":"117","name":"Ireland","code":"IE"},{"uid":"118","name":"Israel","code":"IL"},{"uid":"119","name":"Italy","code":"IT"},{"uid":"120","name":"Jamaica","code":"JM"},{"uid":"122","name":"Japan","code":"JP"},{"uid":"126","name":"Jordan","code":"JO"},{"uid":"128","name":"Kazakhstan","code":"KZ"},{"uid":"129","name":"Kenya","code":"KE"},{"uid":"131","name":"Kiribati","code":"KI"},{"uid":"132","name":"Korea, North","code":"KP"},{"uid":"133","name":"Korea, South","code":"KR"},{"uid":"134","name":"Kuwait","code":"KW"},{"uid":"135","name":"Kyrgyzstan","code":"KG"},{"uid":"136","name":"Laos","code":"LA"},{"uid":"137","name":"Latvia","code":"LV"},{"uid":"138","name":"Lebanon","code":"LB"},{"uid":"139","name":"Lesotho","code":"LS"},{"uid":"140","name":"Liberia","code":"LR"},{"uid":"141","name":"Libya","code":"LY"},{"uid":"142","name":"Liechtenstein","code":"LI"},{"uid":"143","name":"Lithuania","code":"LT"},{"uid":"144","name":"Luxembourg","code":"LU"},{"uid":"145","name":"Macao","code":"MO"},{"uid":"146","name":"Macedonia, The Former Yugoslav Republic of","code":"MK"},{"uid":"147","name":"Madagascar","code":"MG"},{"uid":"148","name":"Malawi","code":"MW"},{"uid":"149","name":"Malaysia","code":"MY"},{"uid":"150","name":"Maldives","code":"MV"},{"uid":"151","name":"Mali","code":"ML"},{"uid":"152","name":"Malta","code":"MT"},{"uid":"154","name":"Marshall Islands","code":"MH"},{"uid":"155","name":"Martinique","code":"MQ"},{"uid":"156","name":"Mauritania","code":"MR"},{"uid":"157","name":"Mauritius","code":"MU"},{"uid":"158","name":"Mayotte","code":"YT"},{"uid":"159","name":"Mexico","code":"MX"},{"uid":"160","name":"Micronesia, Federated States of","code":"FM"},{"uid":"163","name":"Moldova","code":"MD"},{"uid":"164","name":"Monaco","code":"MC"},{"uid":"165","name":"Mongolia","code":"MN"},{"uid":"167","name":"Montserrat","code":"MS"},{"uid":"168","name":"Morocco","code":"MA"},{"uid":"169","name":"Mozambique","code":"MZ"},{"uid":"171","name":"Namibia","code":"NA"},{"uid":"172","name":"Nauru","code":"NR"},{"uid":"174","name":"Nepal","code":"NP"},{"uid":"175","name":"Netherlands","code":"NL"},{"uid":"176","name":"Netherlands Antilles","code":"AN"},{"uid":"177","name":"New Caledonia","code":"NC"},{"uid":"178","name":"New Zealand","code":"NZ"},{"uid":"179","name":"Nicaragua","code":"NI"},{"uid":"180","name":"Niger","code":"NE"},{"uid":"181","name":"Nigeria","code":"NG"},{"uid":"182","name":"Niue","code":"NU"},{"uid":"183","name":"Norfolk Island","code":"NF"},{"uid":"184","name":"Northern Mariana Islands","code":"MP"},{"uid":"185","name":"Norway","code":"NO"},{"uid":"186","name":"Oman","code":"OM"},{"uid":"187","name":"Pakistan","code":"PK"},{"uid":"188","name":"Palau","code":"PW"},{"uid":"190","name":"Panama","code":"PA"},{"uid":"191","name":"Papua New Guinea","code":"PG"},{"uid":"193","name":"Paraguay","code":"PY"},{"uid":"194","name":"Peru","code":"PE"},{"uid":"195","name":"Philippines","code":"PH"},{"uid":"196","name":"Pitcairn Islands","code":"PN"},{"uid":"197","name":"Poland","code":"PL"},{"uid":"198","name":"Portugal","code":"PT"},{"uid":"199","name":"Puerto Rico","code":"PR"},{"uid":"200","name":"Qatar","code":"QA"},{"uid":"201","name":"R\u00e9union","code":"RE"},{"uid":"202","name":"Romania","code":"RO"},{"uid":"203","name":"Russia","code":"RU"},{"uid":"204","name":"Rwanda","code":"RW"},{"uid":"205","name":"Saint Helena","code":"SH"},{"uid":"206","name":"Saint Kitts and Nevis","code":"KN"},{"uid":"207","name":"Saint Lucia","code":"LC"},{"uid":"208","name":"Saint Pierre and Miquelon","code":"PM"},{"uid":"209","name":"Saint Vincent and the Grenadines","code":"VC"},{"uid":"210","name":"Samoa","code":"WS"},{"uid":"211","name":"San Marino","code":"SM"},{"uid":"212","name":"S\u00e3o Tom\u00e9 and Pr\u00edncipe","code":"ST"},{"uid":"213","name":"Saudi Arabia","code":"SA"},{"uid":"214","name":"Senegal","code":"SN"},{"uid":"217","name":"Seychelles","code":"SC"},{"uid":"218","name":"Sierra Leone","code":"SL"},{"uid":"219","name":"Singapore","code":"SG"},{"uid":"220","name":"Slovakia","code":"SK"},{"uid":"221","name":"Slovenia","code":"SI"},{"uid":"222","name":"Solomon Islands","code":"SB"},{"uid":"223","name":"Somalia","code":"SO"},{"uid":"224","name":"South Africa","code":"ZA"},{"uid":"225","name":"South Georgia and the South Sandwich Islands","code":"GS"},{"uid":"226","name":"Spain","code":"ES"},{"uid":"228","name":"Sri Lanka","code":"LK"},{"uid":"229","name":"Sudan","code":"SD"},{"uid":"230","name":"Suriname","code":"SR"},{"uid":"231","name":"Svalbard","code":"SJ"},{"uid":"232","name":"Swaziland","code":"SZ"},{"uid":"233","name":"Sweden","code":"SE"},{"uid":"234","name":"Switzerland","code":"CH"},{"uid":"235","name":"Syria","code":"SY"},{"uid":"236","name":"Taiwan","code":"TW"},{"uid":"237","name":"Tajikistan","code":"TJ"},{"uid":"238","name":"Tanzania","code":"TZ"},{"uid":"239","name":"Thailand","code":"TH"},{"uid":"240","name":"Togo","code":"TG"},{"uid":"241","name":"Tokelau","code":"TK"},{"uid":"242","name":"Tonga","code":"TO"},{"uid":"243","name":"Trinidad and Tobago","code":"TT"},{"uid":"245","name":"Tunisia","code":"TN"},{"uid":"246","name":"Turkey","code":"TR"},{"uid":"247","name":"Turkmenistan","code":"TM"},{"uid":"248","name":"Turks and Caicos Islands","code":"TC"},{"uid":"249","name":"Tuvalu","code":"TV"},{"uid":"250","name":"Uganda","code":"UG"},{"uid":"251","name":"Ukraine","code":"UA"},{"uid":"252","name":"United Arab Emirates","code":"AE"},{"uid":"253","name":"United Kingdom","code":"GB"},{"uid":"254","name":"United States","code":"US"},{"uid":"255","name":"United States Minor Outlying Islands","code":"UM"},{"uid":"256","name":"Uruguay","code":"UY"},{"uid":"257","name":"Uzbekistan","code":"UZ"},{"uid":"258","name":"Vanuatu","code":"VU"},{"uid":"259","name":"Venezuela","code":"VE"},{"uid":"260","name":"Vietnam","code":"VN"},{"uid":"261","name":"Virgin Islands","code":"VI"},{"uid":"265","name":"Wallis and Futuna","code":"WF"},{"uid":"267","name":"Western Sahara","code":"EH"},{"uid":"270","name":"Yemen","code":"YE"},{"uid":"271","name":"Yugoslavia","code":"YU"},{"uid":"273","name":"Zambia","code":"ZM"},{"uid":"274","name":"Zimbabwe","code":"ZW"},{"uid":"275","name":"Palestinian Territory, Occupied","code":"PS"}]