{
	"title"	: "COM_EASYSOCIAL_MENU_GROUP_USERS",
	"link"	: "index.php?option=com_easysocial&view=users",
	"access": "easysocial.access.users",
	"class"	: "fa-user",
	"view"	: "users",
	"counter"	: "users/getPendingUsersCount",
	"active": "layout",
	"childs":
	[
		{
			"title"	: "COM_EASYSOCIAL_MENU_ITEM_USERS_VIEW_PENDING",
			"url"	:
			{
				"view"	: "users",
				"layout": "pending"
			},
			"counter"	: "users/getPendingUsersCount",
			"childs": []
		},
		{
			"title"	: "COM_EASYSOCIAL_MENU_ITEM_USERS_EXPORT",
			"url"	:
			{
				"view"	: "users",
				"layout": "export"
			},
			"childs": []
		}
	]
}
